group,cohort,sym,ret,excess
Top Picks,2026-05,AAOI,-0.42282770940354086,-0.47598333930043935
Breakouts,2026-04,AAOI,-0.32990072519002445,-0.4188136058802666
Top Picks,2026-05,ADEA,-0.2379891288939625,-0.32072954627922245
Breakouts,2026-04,ADEA,-0.15452239619110786,-0.24343527688135003
Breakouts,2026-04,ADI,-0.03591568484191854,-0.1248285655321607
Breakouts,2026-04,AEHR,0.010634934877699065,-0.0782779458125431
Breakouts,2026-04,AGX,-0.41740051099063935,-0.5063133916808815
Breakouts,2026-04,ANDE,-0.09547185246851397,-0.18438473315875614
Breakouts,2026-04,ARWR,-0.06927347439987808,-0.15818635509012025
Breakouts,2026-04,BTE,0.026443843763208852,-0.06246903692703332
Breakouts,2026-04,CAPR,-0.7476609157068725,-0.8365737963971147
Breakouts,2026-04,CAT,-0.015377295879669628,-0.1042901765699118
Top Picks,2026-05,DOCN,-0.04326766004773308,-0.11739119749692462
Breakouts,2026-04,DOCN,0.535132917420077,0.4462200367298348
Breakouts,2026-04,ECG,-0.1417756964696415,-0.23068857715988367
Breakouts,2026-04,FTI,-0.04489973011828263,-0.1338126108085248
Breakouts,2026-04,GEV,-0.17619930630746672,-0.2651121869977089
Breakouts,2026-04,HAFN,0.26314044142481907,0.1742275607345769
Breakouts,2026-04,INDV,0.06921454314608644,-0.01969833754415573
Top Picks,2026-09,LITE,-0.02457243079712057,-0.03692392643118836
Breakouts,2026-04,LITE,0.08263006938833994,-0.006282811301902225
Top Picks,2026-06,LRCX,-0.16558275072904338,-0.21933788021936385
Breakouts,2026-04,LRCX,0.12963232448014117,0.040719443789899
Top Picks,2026-05,MRVL,0.41003118716882225,0.3709378868030453
Breakouts,2026-04,MRVL,0.5668158212611991,0.47790294057095695
Breakouts,2026-04,MTZ,-0.4073699968356228,-0.496282877525865
Top Picks,2026-05,NOK,-0.17744365236893778,-0.25621757913434684
Breakouts,2026-04,NOK,0.04588905740782012,-0.04302382328242205
Breakouts,2026-04,NVT,0.12295954940015674,0.034046668709914574
Breakouts,2026-04,ORKA,0.35274516738690753,0.26383228669666536
Breakouts,2026-04,OUT,-0.04010318460932305,-0.12901606529956522
Top Picks,2026-07,PACS,-0.06533330281575522,-0.0974661022937362
Breakouts,2026-04,PACS,0.18712957976313338,0.09821669907289121
Breakouts,2026-04,PRIM,-0.5514374916679468,-0.6403503723581889
Breakouts,2026-04,PRM,0.02528359058839391,-0.06362929010184826
Breakouts,2026-04,PTEN,0.025126112532289024,-0.06378676815795314
Top Picks,2026-05,STX,0.13870843010269884,0.06458489265350731
Breakouts,2026-04,STX,0.4975788360326374,0.40866595534239525
Breakouts,2026-04,TIGO,0.14065757099682408,0.05174469030658191
Breakouts,2026-04,WBD,0.1377908970922339,0.04887801640199174
Breakouts,2026-04,WTTR,0.23986632816298226,0.1509534474727401
Breakouts,2026-04,ZYME,-0.045907505267438475,-0.13482038595768064
Breakouts,2026-04,AEIS,-0.3183126863968706,-0.40535266062292963
Breakouts,2026-04,BE,0.1628175522633697,0.07577757803731067
Top Picks,2026-06,BHE,-0.20467028883787752,-0.2606702621733663
Breakouts,2026-04,BHE,0.11605681369621967,0.02901683947016065
Breakouts,2026-04,CC,-0.4461408079233248,-0.5331807821493838
Breakouts,2026-04,CELC,-0.3316359023231106,-0.4186758765491696
Top Picks,2026-05,COHU,0.10338551960601006,0.06746295150381454
Breakouts,2026-04,COHU,0.3124052984238834,0.2253653241978244
Breakouts,2026-04,CSTM,-0.18243028010994988,-0.2694702543360089
Top Picks,2026-09,CVE,-0.04656921477510889,-0.06567969135249951
Breakouts,2026-04,CVE,0.19110487437167856,0.10406490014561953
Breakouts,2026-04,DAN,-0.21446823745071875,-0.30150821167677777
Top Picks,2026-07,DAVE,-0.08477543019963352,-0.1245479458306511
Breakouts,2026-04,DAVE,0.25465142447571254,0.16761145024965352
Top Picks,2026-05,DELL,0.8175703616145655,0.7873312381445465
Breakouts,2026-04,DELL,1.66824406282598,1.581204088599921
Breakouts,2026-04,EFXT,-0.12057527418223934,-0.20761524840829837
Top Picks,2026-05,FLEX,-0.17160243338790315,-0.23100094729025655
Breakouts,2026-04,FLEX,0.23900975068446884,0.1519697764584098
Top Picks,2026-07,ICHR,-0.4977185194974142,-0.5374910351284318
Breakouts,2026-04,ICHR,-0.20571591472478534,-0.29275588895084437
Breakouts,2026-04,JBL,-0.10855567722392345,-0.19559565144998248
Breakouts,2026-04,KEYS,0.00408050748909794,-0.08295946673696108
Breakouts,2026-04,KLAC,-0.029405180049762003,-0.11644515427582103
Top Picks,2026-06,KLIC,-0.27990255763342753,-0.3160045063402239
Breakouts,2026-04,KLIC,-0.02329609542094302,-0.11033606964700204
Top Picks,2026-06,LION,-0.29828856271725823,-0.3343905114240546
Breakouts,2026-04,LION,-0.062091523128550485,-0.1491314973546095
Top Picks,2026-06,MKSI,-0.421854838969972,-0.46022105848097816
Breakouts,2026-04,MKSI,-0.07546648899527109,-0.1625064632213301
Top Picks,2026-06,NVTS,-0.6057068810879458,-0.6364376965625915
Breakouts,2026-04,NVTS,-0.33551910631853554,-0.42255908054459457
Breakouts,2026-04,NXT,-0.32166748014508917,-0.4087074543711482
Breakouts,2026-04,ON,-0.26846184668543516,-0.3555018209114942
Top Picks,2026-05,ONDS,-0.3416592248593032,-0.3807525252250802
Breakouts,2026-04,ONDS,-0.32602737506931556,-0.4130673492953746
Breakouts,2026-04,PLAB,-0.42918289335427806,-0.5162228675803371
Breakouts,2026-04,PLXS,0.012924465074221736,-0.07411550915183729
Breakouts,2026-04,SLAB,0.027302302870639616,-0.05973767135541941
Breakouts,2026-04,SNX,0.2411041561848315,0.15406418195877247
Breakouts,2026-04,SPHR,0.08281115084675239,-0.004228823379306634
Breakouts,2026-04,TS,-0.09665683235387323,-0.18369680657993226
Breakouts,2026-04,UNIT,-0.198305094471542,-0.285345068697601
Top Picks,2026-05,VICR,-0.28457310835329985,-0.33613331522640655
Breakouts,2026-04,VICR,-0.1664494765396034,-0.2534894507656624
Breakouts,2026-04,VRT,-0.22161796882923024,-0.30865794305528926
Top Picks,2026-05,VSH,0.07221424681698152,-0.010526170568278426
Breakouts,2026-04,VSH,0.1803237618583473,0.09328378763228828
Top Picks,2026-05,WDC,0.03918885211216527,-0.03958507465324379
Breakouts,2026-04,WDC,0.11903469238544484,0.031994718159385815
Breakouts,2026-04,AAMI,0.40986025506713397,0.3175049007259325
Breakouts,2026-04,GSAT,0.021653569914653614,-0.07070178442654784
Breakouts,2026-04,INTC,0.44084244694876107,0.3484870926075596
Breakouts,2026-04,POWL,-0.26550498454904825,-0.3578603388902497
Top Picks,2026-05,SNEX,-0.1627790988283957,-0.2254358127257441
Breakouts,2026-04,SNEX,-0.035632600614182275,-0.12798795495538373
Breakouts,2026-04,STM,0.037707567466734426,-0.05464778687446703
Breakouts,2026-04,TPC,-0.008039194847032305,-0.10039454918823376
Top Picks,2026-06,ARCB,-0.16264603701048552,-0.21670125998437106
Breakouts,2026-04,ARCB,0.02308613422439665,-0.0694381619595601
Breakouts,2026-04,AXGN,0.0995930045923401,0.007068708408383362
Breakouts,2026-04,BTSG,0.16012458650346684,0.06760029031951009
Top Picks,2026-09,ECO,-0.0012088250871229445,-0.02501524824240864
Breakouts,2026-04,ECO,0.726047292241625,0.6335229960576683
Top Picks,2026-06,INSW,0.356768145336702,0.31836015050341304
Breakouts,2026-04,INSW,0.49371374337958907,0.4011894471956323
Breakouts,2026-04,MEOH,-0.06707983194423617,-0.1596041281281929
Top Picks,2026-05,MU,0.6309286246079113,0.5568050871587198
Breakouts,2026-04,MU,1.0138881448245955,0.9213638486406388
Top Picks,2026-05,SNDK,0.48832351697425236,0.4095495902088433
Breakouts,2026-04,SNDK,0.6600483734357665,0.5675240772518098
Breakouts,2026-04,TALO,0.026891826849958278,-0.06563246933399847
Breakouts,2026-04,VLO,0.578454156997056,0.4859298608130993
Top Picks,2026-05,AMD,0.46068961801283703,0.40129110411048363
Breakouts,2026-04,AMD,0.7363537377297793,0.6545926240702173
Breakouts,2026-04,CECO,-0.03520367725705664,-0.1169647909166186
Breakouts,2026-04,CTOS,-0.04771576130220201,-0.12947687496176397
Breakouts,2026-04,DAR,-0.015102054876285131,-0.09686316853584709
Top Picks,2026-09,DK,0.014044265886597351,-0.003862113570318959
Breakouts,2026-04,DK,0.6111034256726371,0.5293423120130751
Breakouts,2026-04,ENS,-0.1602733466038352,-0.24203446026339714
Top Picks,2026-05,GFS,-0.402089794440182,-0.4488078732333818
Breakouts,2026-04,GFS,-0.24705886388113352,-0.3288199775406955
Breakouts,2026-04,HAL,-0.2036011507537867,-0.28536226441334867
Top Picks,2026-09,HP,-0.12811076144198696,-0.14601714089890327
Breakouts,2026-04,HP,0.009771427659072573,-0.07198968600048938
Breakouts,2026-04,LBRT,-0.4380397865389919,-0.5198009001985539
Top Picks,2026-05,MXL,0.10061444359966387,0.017874026214403926
Breakouts,2026-04,MXL,0.21526506511566912,0.13350395145610716
Top Picks,2026-06,NESR,0.22264156701429827,0.17455470854140076
Breakouts,2026-04,NESR,0.2991179162820805,0.21735680262251855
Breakouts,2026-04,NGL,0.004938266662867674,-0.07682284699669428
Breakouts,2026-04,PARR,0.24866761514205415,0.1669065014824922
Breakouts,2026-04,PBR,-0.02866351463049366,-0.11042462829005562
Breakouts,2026-04,PBR-A,-0.01820307352986883,-0.09996418718943079
Top Picks,2026-05,RIG,-0.28100265644851175,-0.333488138604378
Breakouts,2026-04,RIG,-0.20087981347696993,-0.2826409271365319
Top Picks,2026-07,RSI,-0.3563115256569994,-0.3876892599360874
Breakouts,2026-04,RSI,-0.23238436291807507,-0.31414547657763703
Breakouts,2026-04,SDRL,-0.0625879831275068,-0.14434909678706875
Breakouts,2026-04,SSL,-0.018813262007877807,-0.10057437566743976
Top Picks,2026-05,STRL,-0.363970205150822,-0.43809374260001355
Breakouts,2026-04,STRL,-0.005779412158119945,-0.0875405258176819
Breakouts,2026-04,SYRE,0.23613166624138815,0.1543705525818262
Top Picks,2026-05,VAL,-0.22422459756445523,-0.27596964203551755
Breakouts,2026-04,VAL,-0.19798001350069128,-0.27974112716025323
Top Picks,2026-05,VISN,-0.047202295260650784,-0.12597622202605985
Breakouts,2026-04,VISN,-0.11161572243095708,-0.19337683609051903
Breakouts,2026-04,WFRD,-0.2508529155436653,-0.33261402920322725
Top Picks,2026-05,MTSI,-0.23059329077675295,-0.28374892067365143
Breakouts,2026-05,MTSI,-0.0178408313564955,-0.09661475812190456
Breakouts,2026-05,ASX,0.39822426949594414,0.3194503427305351
Breakouts,2026-05,SGML,-0.5325443432526173,-0.6113182700180264
Breakouts,2026-05,WULF,-0.18113556075737947,-0.25990948752278853
Top Picks,2026-05,UMC,0.4719794771898915,0.41243650194734993
Breakouts,2026-05,UMC,0.9829423438132792,0.9041684170478701
Breakouts,2026-05,COGT,-0.12639915187295592,-0.20517307863836498
Breakouts,2026-05,FN,-0.43163065875083406,-0.5104045855162431
Top Picks,2026-06,CLS,-0.2709568197582328,-0.2944548293802105
Breakouts,2026-05,CLS,-0.17790561688663153,-0.2566795436520406
Top Picks,2026-06,FRO,0.34834985202365143,0.3184247032951186
Breakouts,2026-05,FRO,0.4990954837792694,0.4203215570138603
Breakouts,2026-05,SMTC,0.6452091562360767,0.5664352294706676
Breakouts,2026-05,LSCC,-0.030753978578532015,-0.10952790534394108
Top Picks,2026-05,VSAT,0.014746919886488463,-0.03404693635975686
Breakouts,2026-05,VSAT,0.1729114562641345,0.09413752949872545
Top Picks,2026-06,ACLS,-0.31245065023930807,-0.36722086091496386
Breakouts,2026-05,ACLS,-0.20243881426502686,-0.2851792316502868
Breakouts,2026-05,EQNR,0.048926983902168875,-0.03381343348309107
Top Picks,2026-07,EZPW,-0.15397582238666707,-0.19511644963306762
Breakouts,2026-05,EZPW,-0.07666359868777228,-0.15940401607303223
Top Picks,2026-06,SITM,-0.15243253204969753,-0.19411863833583753
Breakouts,2026-05,SITM,0.1304101714308814,0.04766975404562146
Top Picks,2026-06,VECO,-0.4674855403038105,-0.4974106890323433
Breakouts,2026-05,VECO,-0.13174944127755583,-0.21448985866281578
Breakouts,2026-05,APA,0.049936900638343884,-0.03280351674691606
Top Picks,2026-05,TTMI,-0.2894872845903542,-0.336205363383554
Breakouts,2026-05,TTMI,-0.21242144102580307,-0.295161858411063
Breakouts,2026-05,ESI,-0.21591894893953956,-0.2986593663247995
Top Picks,2026-09,CLMT,0.128105559306658,0.1101991798497417
Breakouts,2026-05,CLMT,0.7019032601752995,0.6191628427900395
Top Picks,2026-05,KGS,-0.23150706667346388,-0.27060036703924084
Breakouts,2026-05,KGS,-0.16233130977410692,-0.24507172715936687
Breakouts,2026-05,PBF,0.6086347565962016,0.5258943392109416
Breakouts,2026-05,APLD,-0.2088128069329631,-0.29155322431822306
Breakouts,2026-05,FSLY,-0.15265761560206437,-0.2267811530512559
Breakouts,2026-05,SQM,-0.22640024576087536,-0.3005237832100669
Breakouts,2026-05,ONTO,-0.09514750496285862,-0.16927104241205015
Top Picks,2026-05,TSEM,-0.13646261841664964,-0.1837587805334583
Breakouts,2026-05,TSEM,0.03675789735198132,-0.03736564009721022
Breakouts,2026-05,OGN,0.027754748948262575,-0.04636878850092896
Top Picks,2026-05,CRDO,-0.14257588419724354,-0.18519483800806902
Breakouts,2026-05,CRDO,-0.03254638019001399,-0.10666991763920552
Breakouts,2026-05,CTRI,-0.5108225286946323,-0.5849460661438238
Breakouts,2026-05,LWLG,-0.6722487892271303,-0.7463723266763218
Breakouts,2026-05,GTX,0.015433020332279002,-0.05869051711691253
Breakouts,2026-05,NEXA,-0.1874261751861852,-0.26154971263537674
Breakouts,2026-05,AMSC,-0.45028175433917494,-0.5244052917883665
Breakouts,2026-05,VET,-0.11204286013928832,-0.18616639758847986
Breakouts,2026-05,TRMD,0.16964872981346746,0.09552519236427592
Breakouts,2026-05,ALGM,-0.2854267354684069,-0.35955027291759845
Breakouts,2026-05,AXTI,-0.25681080393173084,-0.33093434138092237
Top Picks,2026-06,NBIS,-0.11988206700368187,-0.14476998298907262
Breakouts,2026-05,NBIS,0.3233288169329538,0.24920527948376225
Top Picks,2026-06,AMAT,-0.055740090129234865,-0.107414089233824
Breakouts,2026-05,AMAT,0.1326473364365286,0.05852379898733706
Top Picks,2026-07,ALMS,-0.7300990785166862,-0.7671598771853753
Breakouts,2026-05,ALMS,-0.6976655052010472,-0.7717890426502387
Breakouts,2026-05,TVTX,0.40312503751899587,0.32900150006980433
Breakouts,2026-05,YOU,-0.3277470616699204,-0.40187059911911194
Top Picks,2026-05,CIFR,-0.1447964121133034,-0.21891994956249494
Breakouts,2026-05,CIFR,-0.13738020309650345,-0.19677871699885685
Top Picks,2026-06,AMKR,-0.3683734542888323,-0.4164603127617298
Breakouts,2026-05,AMKR,-0.3176264446196546,-0.39174998206884615
Top Picks,2026-07,ANAB,-0.21329322318269373,-0.24833300635153954
Breakouts,2026-05,ANAB,-0.20727483925191403,-0.28139837670110557
Breakouts,2026-05,UCTT,-0.12136151565989672,-0.19548505310908826
Breakouts,2026-05,EWTX,0.1744278179659704,0.10030428051677887
Top Picks,2026-05,SIMO,0.13291275454685025,0.05878921709765872
Breakouts,2026-05,SIMO,0.11056980663788618,0.04791309274053779
Breakouts,2026-05,VIAV,-0.32925699566126787,-0.4033805331104594
Breakouts,2026-05,RNG,0.6246279016535521,0.5505043642043606
Top Picks,2026-05,HUT,-0.05067013171245238,-0.11006864561480578
Breakouts,2026-05,HUT,0.2845608672814215,0.21043732983222996
Breakouts,2026-05,SANM,-0.055973672554459064,-0.1300972100036506
Top Picks,2026-05,ABVX,-0.22001060740631662,-0.24768935854018315
Breakouts,2026-05,ABVX,-0.16424302820768033,-0.23836656565687186
Breakouts,2026-05,POWI,-0.3628967429987974,-0.4222952569011508
Breakouts,2026-05,USAS,-0.22650228690815244,-0.28590080081050584
Breakouts,2026-05,SEI,-0.10462151327455937,-0.16402002717691277
Breakouts,2026-05,KEEL,-0.012135853224889193,-0.07153436712724259
Breakouts,2026-05,ATI,0.1458686792098447,0.0864701653074913
Breakouts,2026-05,RIOT,0.020253144590059335,-0.039145369312294065
Breakouts,2026-05,COHR,-0.06716576293898069,-0.1265642768413341
Breakouts,2026-05,SSRM,0.12337650708286962,0.06397799318051622
Top Picks,2026-05,UUUU,-0.47323340514820755,-0.535890119045556
Breakouts,2026-05,UUUU,-0.47704081839527435,-0.5364393322976277
Breakouts,2026-05,IBRX,0.008353185425808096,-0.051045328476545304
Breakouts,2026-05,AG,-0.08673631669715387,-0.14613483059950727
Breakouts,2026-05,ATRO,0.09964017810819925,0.04024166420584585
Top Picks,2026-06,ARM,-0.21022382517775917,-0.23511174116314992
Breakouts,2026-05,ARM,0.36072477768176103,0.30132626377940763
Breakouts,2026-05,TWLO,0.39007317681780096,0.33067466291544756
Breakouts,2026-05,NVMI,-0.32126686034316665,-0.38066537424552005
Breakouts,2026-05,CAMT,-0.261232300568773,-0.3206308144711264
Breakouts,2026-05,KMT,-0.3108702611970887,-0.3702687750994421
Breakouts,2026-05,PRAX,-0.1159523511632824,-0.1753508650656358
Breakouts,2026-05,RVMD,0.27596468631357296,0.21656617241121956
Top Picks,2026-07,KOD,-0.21520220064900641,-0.24231757369955353
Breakouts,2026-05,KOD,-0.2935280322479499,-0.3529265461503033
Top Picks,2026-06,ACMR,-0.22543907390272733,-0.27352593237562484
Breakouts,2026-05,ACMR,0.3140121928412778,0.2546136789389244
Breakouts,2026-05,ENTG,-0.08083377327941887,-0.14023228718177227
Breakouts,2026-05,PL,-0.5699168484390641,-0.6293153623414175
Breakouts,2026-05,DFTX,0.6771989176488793,0.6178004037465259
Top Picks,2026-05,CGNX,-0.05703288148363239,-0.11968959538098078
Breakouts,2026-05,CGNX,-0.05703288148363239,-0.11968959538098078
Breakouts,2026-05,GOOGL,-0.10698678306071652,-0.1696434969580649
Breakouts,2026-05,JAZZ,0.06388790787392074,0.0012311939765723423
Breakouts,2026-05,GNRC,-0.23164008729571817,-0.29429680119306656
Breakouts,2026-05,EXK,-0.001970394565615874,-0.06462710846296427
Breakouts,2026-05,PAAS,-0.15101741894685405,-0.21367413284420245
Breakouts,2026-05,DIOD,-0.19415573045542722,-0.2568124443527756
Top Picks,2026-06,LQDA,0.06220018120726678,0.03534945907483089
Breakouts,2026-05,LQDA,0.571192105561374,0.5085353916640256
Breakouts,2026-05,MOD,-0.2671240512133978,-0.32978076511074617
Top Picks,2026-05,HIMX,-0.07254282219214314,-0.13519953608949153
Breakouts,2026-05,HIMX,-0.2779437105382726,-0.32523987265508125
Breakouts,2026-05,GOOG,-0.11128484192625798,-0.17394155582360638
Breakouts,2026-05,SVM,-0.11951930730463745,-0.18217602120198584
Breakouts,2026-05,MCHP,-0.25568523972299506,-0.31834195362034345
Breakouts,2026-05,AXSM,-0.06688763802510722,-0.12954435192245561
Top Picks,2026-05,PENG,0.24146507835653908,0.1875098763161296
Breakouts,2026-05,PENG,0.2611391523381885,0.20957894546508182
Breakouts,2026-05,CYTK,-0.12157074058393291,-0.1755259426243424
Breakouts,2026-05,PWR,-0.17747040001174985,-0.22903060688485655
Breakouts,2026-05,IRDM,0.12447058390165777,0.07291037702855108
Breakouts,2026-05,HYMC,-0.5303134038742523,-0.581873610747359
Breakouts,2026-05,HBM,0.04564503998173963,-0.005915166891367063
Breakouts,2026-05,FTAI,-0.30983299056494495,-0.36139319743805165
Breakouts,2026-05,DHC,-0.03457548163015256,-0.08613568850325926
Top Picks,2026-05,GLW,-0.230804389390608,-0.2823645962637147
Breakouts,2026-05,GLW,-0.2275266314252561,-0.27482279354206474
Breakouts,2026-05,ROIV,0.3266417995299318,0.2734861696330333
Breakouts,2026-05,LUNR,-0.5101277596671787,-0.5632833895640772
Breakouts,2026-05,HL,-0.10754719203966512,-0.1607028219365636
Breakouts,2026-05,KRYS,0.07585965238028458,0.0227040224833861
Breakouts,2026-05,FIX,-0.18957127651742045,-0.24272690641431893
Breakouts,2026-05,SKE,-0.056099717028485485,-0.10925534692538397
Breakouts,2026-05,CGON,0.08574996990904116,0.032594340012142675
Top Picks,2026-07,LASR,-0.46205328444366334,-0.4935956461364217
Breakouts,2026-05,LASR,-0.5204629543317776,-0.5736185842286761
Breakouts,2026-05,CIEN,-0.36591878025716085,-0.41907441015405933
Breakouts,2026-05,SKM,-0.08625541229096056,-0.13941104218785905
Top Picks,2026-05,OUST,0.11559850671953886,0.06830234460273021
Breakouts,2026-06,OUST,-0.1718444505145159,-0.1953424601364936
Breakouts,2026-05,TGB,0.11296535542364627,0.06566919330683763
Breakouts,2026-05,DGII,0.11342409038771062,0.06612792827090197
Breakouts,2026-05,MYRG,-0.3836143097749699,-0.43091047189177856
Breakouts,2026-05,BVN,-0.12685211627934645,-0.1741482783961551
Breakouts,2026-05,CENX,-0.39229094343148696,-0.4395871055482956
Breakouts,2026-05,TRVI,-0.024885402950182378,-0.07218156506699103
Breakouts,2026-05,MPWR,-0.22463140053351827,-0.2719275626503269
Breakouts,2026-05,AESI,-0.30084295164318386,-0.3399362520089608
Top Picks,2026-05,ALAB,0.39498893759632403,0.33544596235378243
Breakouts,2026-05,ALAB,0.49029037414265253,0.45119707377687557
Breakouts,2026-05,SYNA,-0.26521804972027907,-0.30431135008605603
Top Picks,2026-06,BB,-0.1620825660845694,-0.19281338155921512
Breakouts,2026-05,BB,0.3802588948071737,0.3411655944413967
Breakouts,2026-05,LUMN,-0.3752417850274241,-0.4143350853932011
Breakouts,2026-05,CORZ,-0.2632423533651118,-0.3023356537308888
Top Picks,2026-05,RDW,-0.17083627081842434,-0.2099295711842013
Breakouts,2026-05,RDW,-0.17083627081842434,-0.2099295711842013
Breakouts,2026-05,POET,-0.5911521646970069,-0.6302454650627839
Breakouts,2026-05,AA,-0.3214449482500724,-0.3605382486158494
Breakouts,2026-05,COCO,-0.2510465963958598,-0.29013989676163676
Top Picks,2026-05,SEDG,-0.42341318688255536,-0.4751582313536177
Breakouts,2026-05,SEDG,-0.4251815952897511,-0.46780054910057656
Top Picks,2026-05,BW,-0.6640732254259956,-0.7158182698970579
Breakouts,2026-05,TYRA,-0.3075054269834623,-0.3592504714545246
Breakouts,2026-05,NE,-0.14653339834945478,-0.1982784428205171
Top Picks,2026-05,ASTS,-0.29750283244524356,-0.35704580768778515
Breakouts,2026-05,ASTS,-0.2603083453559901,-0.31205338982705244
Top Picks,2026-05,OSCR,0.23675896676282826,0.18427348460696202
Breakouts,2026-05,OSCR,0.34176678066046606,0.29002173618940374
Breakouts,2026-05,TXN,-0.10066108877760127,-0.1524061332486636
Breakouts,2026-05,GBTG,0.012847953276085677,-0.03889709119497664
Breakouts,2026-05,EXTR,-0.07826440864225392,-0.13000945311331624
Breakouts,2026-05,HLIO,-0.1125239811132831,-0.16426902558434542
Breakouts,2026-05,PBI,0.0629710901763918,0.01122604570532948
Breakouts,2026-05,MSGE,0.1883505747447285,0.13660553027366618
Top Picks,2026-05,PUMP,-0.43208495282057313,-0.4916279280631147
Breakouts,2026-05,PUMP,-0.43649476092713435,-0.4889802430830006
Breakouts,2026-05,RKLB,-0.467139391291136,-0.5196248734470023
Breakouts,2026-05,CSCO,-0.030360815686330755,-0.08990379092887235
Breakouts,2026-05,INVX,-0.11980674411464687,-0.17934971935718846
Top Picks,2026-09,HPE,0.051038783865831716,0.03396019432877617
Breakouts,2026-05,HPE,0.8369024041425588,0.7881085478963135
Breakouts,2026-05,DNTH,0.08735347039413144,0.03855961414788611
Breakouts,2026-05,DDOG,0.15458912886077236,0.10579527261452704
Breakouts,2026-05,TWST,1.7378240493077808,1.6952050954969553
Breakouts,2026-05,LFUS,-0.13935173270163492,-0.17509481300209706
Top Picks,2026-07,TXG,0.7274513407423489,0.6960736064632609
Breakouts,2026-05,TXG,2.2128349219253747,2.1770918416249128
Breakouts,2026-05,ERAS,0.3078260836393938,0.27208300333893165
Breakouts,2026-05,IONQ,-0.3632505658337791,-0.39899364613424126
Breakouts,2026-05,KN,-0.042796402340857354,-0.07871897044305287
Breakouts,2026-05,ATEN,-0.0737865412105515,-0.10970910931274702
Breakouts,2026-05,USAR,-0.40475344559242454,-0.43499256906244355
Breakouts,2026-05,RLAY,0.3086331678605434,0.2783940443905244
Breakouts,2026-05,TE,-0.5887245901315683,-0.6189637136015873
Breakouts,2026-05,ENPH,-0.499856139258515,-0.530095262728534
Breakouts,2026-05,PLUG,-0.4927184533439133,-0.5229575768139323
Breakouts,2026-05,QBTS,-0.39979651067090094,-0.43003563414091994
Top Picks,2026-06,CLOV,-0.07157462457848907,-0.14324027973382691
Breakouts,2026-05,CLOV,0.08612443739202003,0.05588531392200102
Top Picks,2026-06,TER,-0.11730400874908309,-0.1472291574776159
Breakouts,2026-05,TER,-0.0025177399460342142,-0.03275686341605322
Breakouts,2026-05,ASML,0.06710999379865701,0.036870870328638006
Breakouts,2026-05,QCOM,-0.19434262570467808,-0.2245817491746971
Breakouts,2026-05,BTDR,-0.2850924405170264,-0.3153315639870454
Breakouts,2026-05,GH,0.34065843044256017,0.31297967930869364
Breakouts,2026-05,XMTR,0.04449572697064208,0.01681697583677555
Breakouts,2026-05,MT,0.04723975032685068,0.019560999192984152
Breakouts,2026-05,NUE,-0.02801871773253073,-0.05569746886639726
Breakouts,2026-05,RXO,-0.2290852473740962,-0.2567639985079627
Top Picks,2026-06,FROG,0.02120106271228761,-0.02525072268895734
Breakouts,2026-05,FROG,0.15752385649558742,0.1298451053617209
Breakouts,2026-05,STLD,-0.11392801316354906,-0.1416067642974156
Top Picks,2026-05,NTAP,0.1403513023985039,0.11267255126463738
Breakouts,2026-06,NTAP,0.09759118272889977,0.06686036725425404
Top Picks,2026-08,AYA,-0.02082624074034034,-0.026429614317834416
Breakouts,2026-05,AYA,0.3657143002464658,0.33803554911259925
Breakouts,2026-05,INOD,-0.41846068503646705,-0.4461394361703336
Breakouts,2026-05,BWA,-0.11391185922997737,-0.1415906103638439
Breakouts,2026-05,CLSK,-0.19300166812177166,-0.2206804192556382
Breakouts,2026-05,SHLS,-0.3706827182184965,-0.39836146935236305
Breakouts,2026-06,RCUS,0.010907701044539087,-0.013980214940851665
Breakouts,2026-06,AMPX,-0.5581609353251841,-0.5830488513105748
Breakouts,2026-06,FTNT,0.17714627844327557,0.1536482688212979
Breakouts,2026-06,VSXY,0.01961028906696094,-0.003887720555016738
Breakouts,2026-06,IREN,-0.29084083146655637,-0.31433884108853405
Breakouts,2026-06,EC,0.053817311325855544,0.030319301703877866
Breakouts,2026-06,AVT,0.03546977448822264,0.01197176486624496
Breakouts,2026-06,AKAM,-0.26765220622359076,-0.29115021584556844
Top Picks,2026-09,CRWD,0.15938995495368946,0.14148357549677315
Breakouts,2026-06,CRWD,0.29709345026386913,0.27359544064189145
Breakouts,2026-06,PANW,0.2509590784303215,0.22746106880834382
Breakouts,2026-06,ARW,-0.04469151832232232,-0.07542233379696806
Breakouts,2026-06,ST,-0.2166407537317947,-0.24737156920644043
Top Picks,2026-06,PDFS,-0.17033748281607597,-0.2220114819206651
Breakouts,2026-06,PDFS,-0.15288357632369443,-0.18361439179834016
Breakouts,2026-06,PCT,-0.5935483760703627,-0.6203990982027986
Breakouts,2026-06,ABCL,0.9874411420497171,0.9605904199172812
Breakouts,2026-06,TSM,0.00552778919246788,-0.02132293293996801
Breakouts,2026-06,RMBS,-0.42745795341037307,-0.45430867554280896
Top Picks,2026-06,BAND,-0.247783882702598,-0.30183910567648353
Breakouts,2026-06,BAND,-0.247783882702598,-0.30183910567648353
Breakouts,2026-06,CRS,-0.16652407373199507,-0.2205792967058806
Breakouts,2026-06,TFII,-0.2106583752377399,-0.26471359821162543
Breakouts,2026-06,HUM,0.06599573767001043,0.014321738565421294
Breakouts,2026-06,YPF,-0.006723955999170639,-0.05839795510375978
Breakouts,2026-06,KNX,-0.16848695487888754,-0.22325716555454334
Breakouts,2026-06,LSTR,-0.2360672392168447,-0.2908374498925005
Breakouts,2026-06,JBHT,-0.1762654026761199,-0.2310356133517757
Breakouts,2026-06,MOG-A,-0.032581487083430005,-0.10424714223876785
Breakouts,2026-06,CNC,-0.005356573213000426,-0.07702222836833827
Breakouts,2026-06,BWLP,0.22074422320748677,0.17265736473458926
Breakouts,2026-06,TKR,-0.1598604588702286,-0.2079473173431261
Breakouts,2026-06,CORT,0.37209018346986067,0.32400332499696316
Breakouts,2026-06,TNGX,-0.27828055790994544,-0.32636741638284295
Breakouts,2026-06,ESTA,-0.19558248901275666,-0.22550763774128946
Breakouts,2026-06,MRCY,-0.26119208746301537,-0.29111723619154817
Top Picks,2026-09,MRX,0.000793093950873569,-0.0021179779273965416
Breakouts,2026-06,MRX,0.21402121410550534,0.18409606537697254
Breakouts,2026-06,PEB,-0.014084855729333268,-0.04401000445786607
Breakouts,2026-06,BBAR,-0.2995636682843813,-0.3356656169911777
Breakouts,2026-06,AIP,-0.4186718226881774,-0.45477377139497377
Breakouts,2026-06,M,-0.1026342662330435,-0.1387362149398399
Breakouts,2026-06,BMA,-0.21820464541290097,-0.25430659411969736
Top Picks,2026-07,MRNA,1.1682547368294185,1.127114109583018
Breakouts,2026-06,MRNA,2.121660607908487,2.0855586592016904
Breakouts,2026-06,SEZL,-0.1917475345468198,-0.2278494832536162
Breakouts,2026-06,BHP,-0.049089420409104356,-0.08519136911590075
Breakouts,2026-06,ALKS,0.0020412826553961594,-0.034060666051400235
Breakouts,2026-06,IMVT,0.052065652083851166,0.013657657250562227
Breakouts,2026-06,VCYT,-0.2258064584964431,-0.26421445332973204
Breakouts,2026-06,FORM,-0.20220665246458258,-0.24061464729787152
Breakouts,2026-06,IRM,-0.07847735720329263,-0.11688535203658157
Breakouts,2026-06,GS,-0.12080625655047372,-0.15921425138376266
Breakouts,2026-06,WSFS,0.05180690788343689,0.013398913050147954
Breakouts,2026-06,HLT,-0.11931028138860611,-0.15771827622189505
Breakouts,2026-06,KEY,-0.06729187090993138,-0.10569986574322032
Breakouts,2026-06,VVV,-0.3007617270127664,-0.3391697218460553
Breakouts,2026-06,HGV,-0.32562105666608765,-0.3640290514993766
Breakouts,2026-06,VCTR,0.244039026218825,0.20563103138553607
Breakouts,2026-06,ZION,-0.011385757808715757,-0.049793752642004696
Breakouts,2026-06,WRBY,-0.1043913397552304,-0.14279933458851934
Breakouts,2026-06,CLH,0.07910598090589405,0.04069798607260511
Breakouts,2026-06,WWD,-0.2432818345476513,-0.2816898293809402
Breakouts,2026-06,CNO,0.07376109591648583,0.03535310108319689
Breakouts,2026-06,HOG,0.028041337747664707,-0.010366657085624231
Breakouts,2026-06,JCI,0.005292237417834356,-0.03311575741545458
Breakouts,2026-06,VOYA,0.11975683404975945,0.08134883921647051
Breakouts,2026-06,VRTX,0.13083718021176005,0.09242918537847111
Breakouts,2026-06,CMI,-0.2512197177142922,-0.28962771254758113
Breakouts,2026-06,HG,0.07934989922598001,0.040941904392691075
Top Picks,2026-06,COMP,0.01198800028124336,-0.026419994552045578
Breakouts,2026-07,COMP,-0.22016933849653642,-0.2523021379745174
Breakouts,2026-06,WAFD,-0.10828815234496225,-0.1466961471782512
Breakouts,2026-06,CLDX,0.16836259738182147,0.12995460254853253
Breakouts,2026-06,COLM,-0.14213730460405916,-0.1805452994373481
Breakouts,2026-06,CNK,0.0763461462659667,0.03793815143267776
Breakouts,2026-06,WH,-0.19750742271568,-0.23591541754896894
Breakouts,2026-06,WSBC,0.08743470111547191,0.049026706282182975
Breakouts,2026-06,XYZ,0.04185617723865298,0.003448182405364042
Breakouts,2026-06,WSM,0.004400098772495475,-0.03400789606079346
Breakouts,2026-06,IVT,-0.09659519460993926,-0.1350031894432282
Breakouts,2026-06,NKTR,0.017351589689517333,-0.02433451659662267
Breakouts,2026-06,CALY,-0.1825749629273673,-0.2242610692135073
Top Picks,2026-06,ELVN,0.005555565148987585,-0.05148083668689751
Breakouts,2026-06,ELVN,0.06331592483419435,0.021629818548054347
Breakouts,2026-06,TH,0.056603839699369995,0.014917733413229994
Breakouts,2026-06,HXL,-0.09392874053359723,-0.15096514236948233
Breakouts,2026-06,MSM,0.05382529646813583,-0.0032111053677492674
Breakouts,2026-06,UNH,-0.07175354214219232,-0.12878994397807741
Breakouts,2026-06,OPLN,-0.09688310499315134,-0.15391950682903643
Breakouts,2026-06,URI,-0.029575328033272563,-0.08661172986915766
Breakouts,2026-06,IFS,0.012399713772496934,-0.044636688063388164
Top Picks,2026-09,LFST,-0.02538460951585031,-0.048596613910332875
Breakouts,2026-06,LFST,0.34216108469143536,0.28512468285555026
Breakouts,2026-06,ROST,0.011556150637445528,-0.04548025119843957
Breakouts,2026-06,PK,0.06827654436818076,0.01124014253229566
Breakouts,2026-06,VIRT,-0.0829108645003851,-0.1399472663362702
Breakouts,2026-06,PHVS,0.0852667052772127,0.028230303441327598
Breakouts,2026-06,SMFG,0.11356990508173403,0.05653350324584894
Breakouts,2026-06,MFG,0.14566113666940694,0.08862473483352185
Breakouts,2026-06,LIVN,-0.006481979337218169,-0.06351838117310327
Breakouts,2026-06,WCC,0.0077521137800700135,-0.049284288055815084
Breakouts,2026-06,TBBB,0.24661442220206364,0.18957802036617855
Top Picks,2026-06,QURE,-0.09645186488442103,-0.15348826672030613
Breakouts,2026-06,QURE,-0.09293750752592544,-0.15046407331400025
Breakouts,2026-06,LNTH,-0.05422993554841693,-0.11126633738430203
Breakouts,2026-06,TGTX,0.05969598262297149,0.002659580787086391
Breakouts,2026-06,KYMR,0.19765901444219147,0.14062261260630637
Top Picks,2026-06,NUVB,-0.060371496003499336,-0.11789806179157414
Breakouts,2026-06,GEO,0.02961201035006078,-0.02791455543801402
Breakouts,2026-06,DD,-0.053984049477139195,-0.10998402281262798
Breakouts,2026-06,VIK,-0.1637511975146414,-0.21975117085013018
Breakouts,2026-06,BFLY,-0.08436445118512537,-0.14805633381211458
Breakouts,2026-06,RAL,-0.04441815727506937,-0.10811003990205859
Top Picks,2026-07,AMRX,0.17345747900473252,0.1384176958358867
Breakouts,2026-06,AMRX,0.17005225670455748,0.10636037407756826
Top Picks,2026-07,PTGX,0.029321898793445378,-0.007738899875243677
Breakouts,2026-06,PTGX,0.18953067767215814,0.12583879504516893
Top Picks,2026-06,PGEN,0.31399311157476606,0.25030122894777684
Breakouts,2026-09,PGEN,0.03494620296304296,0.006604917641923613
Breakouts,2026-06,ILMN,0.35270463435905874,0.28901275173206953
Breakouts,2026-06,MTRN,-0.12001981921191629,-0.16647160461316124
Breakouts,2026-06,HNGE,0.15918008170043718,0.11272829629919223
Breakouts,2026-06,MIRM,-0.2520325203252033,-0.29848430572644824
Breakouts,2026-06,AIR,-0.18040185312794943,-0.22685363852919438
Breakouts,2026-06,BKD,-0.2824716039858296,-0.32892338938707455
Breakouts,2026-06,KNSA,0.25188267015606636,0.2054308847548214
Breakouts,2026-06,NRIX,0.0654087815929103,0.018956996191665354
Breakouts,2026-06,ALGT,-0.29518388778723637,-0.3416356731884813
Breakouts,2026-06,UAL,-0.1588352469373303,-0.19720146644833647
Breakouts,2026-06,TECH,0.026896777111074632,-0.011469442399931529
Breakouts,2026-06,VTRS,0.08490236111695992,0.04653614160595376
Breakouts,2026-06,YETI,-0.13660210391786176,-0.17496832342886792
Breakouts,2026-06,IDYA,0.042661661740245105,0.004295442229238944
Breakouts,2026-06,HR,-0.08299347939968205,-0.12135969891068821
Breakouts,2026-06,IEX,-0.01626710873420667,-0.05463332824521283
Breakouts,2026-06,TILE,-0.0438546125612197,-0.08222083207222586
Breakouts,2026-06,SSD,-0.16858517190998246,-0.20695139142098862
Breakouts,2026-06,WSC,-0.3705979523502658,-0.408964171861272
Breakouts,2026-06,JHX,0.017952609162558808,-0.020413610348447353
Breakouts,2026-06,TRGP,0.08418815566712046,0.045821936156114296
Top Picks,2026-06,TENB,-0.01843818561501287,-0.05680440512601903
Breakouts,2026-07,TENB,-0.10881335020114502,-0.14587414886983407
Breakouts,2026-06,UGP,0.5588483948561691,0.520482175345163
Breakouts,2026-06,HSBC,0.09063377078999468,0.05226755127898852
Breakouts,2026-06,TEX,-0.18398429752703593,-0.2223505170380421
Breakouts,2026-06,IONS,-0.43372429048508,-0.47209050999608615
Breakouts,2026-06,RUSHA,-0.008927783163406255,-0.047294002674412416
Breakouts,2026-06,VLY,-0.07799616576453994,-0.1163623852755461
Breakouts,2026-06,ZIM,0.17153842632587146,0.1331722068148653
Breakouts,2026-06,WERN,-0.19436227183186805,-0.2327284913428742
Breakouts,2026-06,SAN,0.059420266919616216,0.021054047408610055
Breakouts,2026-06,VRNS,0.15479034528829416,0.116424125777288
Breakouts,2026-06,HST,-0.059046801880608846,-0.097413021391615
Breakouts,2026-06,TNL,-0.16755593709282768,-0.20592215660383384
Breakouts,2026-06,TD,0.028286174003569586,-0.010080045507436575
Breakouts,2026-06,SLF,0.04760087761137077,0.009234658100364612
Breakouts,2026-06,BFH,-0.0010573885945425188,-0.03942360810554868
Breakouts,2026-06,DY,-0.4233470007224528,-0.46171322023345895
Top Picks,2026-08,RELY,-0.18681729668560987,-0.19470806516964978
Breakouts,2026-07,RELY,-0.059259283884109615,-0.0990317995151272
Breakouts,2026-07,PGNY,-0.08794567353109228,-0.12771818916210986
Breakouts,2026-07,LTH,-0.003246779848719239,-0.04301929547973682
Breakouts,2026-07,SXT,0.061367902058387935,0.021595386427370356
Breakouts,2026-07,MNST,-0.0960451835713858,-0.13581769920240339
Breakouts,2026-07,PLGO,-0.04676797894238449,-0.08654049457340207
Breakouts,2026-07,LUV,-0.1685032145853419,-0.20827573021635948
Breakouts,2026-07,MOH,-0.1494302280970765,-0.1892027437280941
Breakouts,2026-07,VAC,0.0397613784490678,-1.113718194978297e-05
Breakouts,2026-07,NTRA,0.34158623588353465,0.30181372025251707
Breakouts,2026-07,MRK,0.19950913527605696,0.15973661964503938
Breakouts,2026-07,TSHA,-0.24210527976322493,-0.2818777953942425
Breakouts,2026-07,RPRX,0.0519086754805369,0.012136159849519323
Breakouts,2026-07,RHP,-0.02523433052690438,-0.06500684615792196
Top Picks,2026-08,CHEF,-0.03739133088485058,-0.045282099368890494
Breakouts,2026-07,CHEF,0.1608640545271287,0.12109153889611113
Breakouts,2026-07,GLUE,-0.48959200685946713,-0.5293645224904847
Top Picks,2026-07,LGND,-0.08275355337179491,-0.10986892642234203
Breakouts,2026-07,LGND,-0.07031826465403179,-0.11009078028504937
Breakouts,2026-07,PLSE,0.8253724195362397,0.7842317922898392
Breakouts,2026-07,DAL,-0.10831587571024459,-0.14945650295664514
Breakouts,2026-07,ASTH,-0.3176733681830807,-0.3588139954294812
Breakouts,2026-07,DYN,-0.2504377966348825,-0.2825705961128635
Breakouts,2026-07,SLS,-0.18436153315533688,-0.21649433263331785
Breakouts,2026-07,DNLI,-0.2047397243444008,-0.23687252382238178
Breakouts,2026-07,IMNM,0.048953978868971015,0.016821179390990038
Breakouts,2026-07,BRKR,0.004730930837140823,-0.027401868640840155
Breakouts,2026-07,MBX,0.05615247523273115,0.02401967575475017
Breakouts,2026-07,CON,0.09400487292777693,0.06187207344979595
Breakouts,2026-07,DVA,-0.2218001867705497,-0.25886098543923874
Breakouts,2026-07,OKTA,0.2886778491140407,0.25161705044535165
Breakouts,2026-07,CXW,0.05845848984710633,0.01818385720749882
Breakouts,2026-07,NTCT,-0.09441863658816319,-0.1346932692277707
Breakouts,2026-07,ATEX,-0.21748079478785132,-0.2490231564806097
Breakouts,2026-07,DINO,0.4185688880667324,0.38702652637397406
Breakouts,2026-07,ENVA,-0.2802721523538424,-0.3073875254043895
Breakouts,2026-07,AVAH,0.38556699429476615,0.35845162124421903
Breakouts,2026-07,WST,0.012208344984662833,-0.019169389294425132
Breakouts,2026-07,RY,-0.03088636144081991,-0.062264095719907875
Breakouts,2026-07,LB,0.1133954661606622,0.08201773188157424
Breakouts,2026-07,ROKU,0.08867104833030037,0.05729331405121241
Breakouts,2026-07,SN,0.1174861610651774,0.08610842678608943
Breakouts,2026-07,NSIT,0.3083409980817904,0.2769632638027024
Breakouts,2026-07,AMG,-0.0036341917204567586,-0.035011925999544724
Breakouts,2026-07,STT,0.004083855294995331,-0.027293878984092634
Breakouts,2026-07,RAMP,-0.008697892153457065,-0.04007562643254503
Breakouts,2026-07,MUSA,-0.16712482917533045,-0.1985025634544184
Breakouts,2026-07,SIRI,-0.088846339634295,-0.12022407391338297
Top Picks,2026-08,CMBT,0.07549229261105905,0.06988891903356498
Breakouts,2026-07,CMBT,0.2458808732635105,0.21450313898442253
Top Picks,2026-07,FF,0.13130115970032663,0.0880733483351166
Breakouts,2026-07,FF,0.17031163689809703,0.1430057639426734
Breakouts,2026-07,EES,-0.023317617786937417,-0.050623490742361055
Top Picks,2026-08,EE,-0.13821144199818802,-0.1550233475568964
Breakouts,2026-07,EE,-0.13853180033569645,-0.17143457765954195
Breakouts,2026-07,SSO,0.06362429942431924,0.02614715613305796
Top Picks,2026-07,CCBC,-0.005405426025390625,-0.0684119059657422
Breakouts,2026-07,CCBC,-0.005405426025390625,-0.0684119059657422
Top Picks,2026-08,DDD,-0.02247188904267039,-0.02777540437766468
Breakouts,2026-08,DDD,-0.056910578561117364,-0.05970491392725574
Top Picks,2026-08,BBP,0.03524619977275778,0.02893814590119481
Breakouts,2026-08,BBP,0.04827381381783602,0.04547947845169764
Breakouts,2026-08,BBIO,-0.21188447933945054,-0.21467881470558892
Breakouts,2026-08,EET,0.08871503430925864,0.08592069894312027
Top Picks,2026-08,BBC,-0.13099510043769091,-0.13926596095581856
Breakouts,2026-08,BBC,-0.06938605659512542,-0.07247875499169187
Breakouts,2026-08,PPH,-0.009579512348094732,-0.012672210744661183
Top Picks,2026-08,MMSI,-0.04746520486050665,-0.0505579032570731
Breakouts,2026-08,MMSI,-0.05535913962685601,-0.05219762669114514
Breakouts,2026-08,FFSM,-0.07800415860192578,-0.08109685699849223
Top Picks,2026-08,CCCC,-0.2142856899572867,-0.22670334080607257
Breakouts,2026-08,CCCC,-0.1538461867639056,-0.15764012939813687
Top Picks,2026-08,ANF,-0.07856086650019278,-0.0864516349842327
Breakouts,2026-08,ANF,-0.06168099823783235,-0.06728437181532643
Breakouts,2026-08,ATAI,0.0,-0.005603373577494075
Breakouts,2026-08,EGO,-0.1163649998138383,-0.12196837339133237
Breakouts,2026-08,TECK,-0.05229909096009233,-0.05790246453758641
Breakouts,2026-08,WLY,-0.12490747382760536,-0.13051084740509944
Breakouts,2026-08,ITGR,0.008619267161661837,0.0030158935841677614
Breakouts,2026-08,NIQ,-0.03565811830402599,-0.04126149188152006
Breakouts,2026-08,ECPG,-0.025593258721677725,-0.0311966322991718
Breakouts,2026-08,XNCR,-0.13331020034624186,-0.13891357392373593
Breakouts,2026-08,ZETA,0.030774332439008623,0.025170958861514547
Breakouts,2026-08,WT,-0.05271571700919209,-0.05831909058668616
Breakouts,2026-08,ERO,-0.12857857787854932,-0.1341819514560434
Breakouts,2026-08,CLBK,-0.011924990832866356,-0.01752836441036043
Breakouts,2026-08,AUGO,0.0003366110679123846,-0.0052667625095816906
Breakouts,2026-08,UTZ,0.0058585781451363506,0.0002552045676422754
Breakouts,2026-08,ELF,-0.07892999338742679,-0.08453336696492086
Breakouts,2026-08,CRL,-0.058702451609289774,-0.06430582518678385
Breakouts,2026-08,FIGS,-0.13046359054707934,-0.13606696412457342
Breakouts,2026-08,SCCO,-0.08424265453827628,-0.08984602811577036
Breakouts,2026-08,PATH,-0.2585924599480198,-0.2641958335255139
Top Picks,2026-09,ATRC,-0.013531787068911671,-0.030343692627620045
Breakouts,2026-08,ATRC,0.18368173641115737,0.1780783628336633
Top Picks,2026-09,PSX,-0.04166515827396966,-0.057170150489621485
Breakouts,2026-08,PSX,0.09148910664596266,0.08588573306846858
Top Picks,2026-09,ALM,-0.23326363996122657,-0.24561513559529435
Breakouts,2026-08,ALM,-0.22392798723722207,-0.22953136081471615
Breakouts,2026-08,FCX,-0.07982650666925062,-0.0854298802467447
Top Picks,2026-08,NEO,0.041309038786303987,0.03570566520880991
Breakouts,2026-09,NEO,-0.025113008730886066,-0.04061800094653789
Top Picks,2026-09,MPC,-0.052978439100881736,-0.06848343131653356
Breakouts,2026-08,MPC,0.10683829956804125,0.10123492599054718
Breakouts,2026-08,CHYM,-0.09879519913466117,-0.10668596761870108
Breakouts,2026-08,AVTR,0.035665326507868356,0.027774558023828444
Breakouts,2026-08,ABNB,-0.11925247960366292,-0.12714324808770283
Breakouts,2026-08,INTA,-0.15573959667936188,-0.1636303651634018
Top Picks,2026-09,DHT,0.07570674940922006,0.06891526932924252
Breakouts,2026-08,DHT,0.14191256038562972,0.1340217919015898
Top Picks,2026-09,SLDE,0.0016542186796477676,-0.011755745457238564
Breakouts,2026-08,SLDE,0.031516174852858736,0.023625406368818824
Breakouts,2026-08,TNET,-0.05137317708002531,-0.059263945564065224
Breakouts,2026-08,FIVN,0.08693095890736302,0.07904019042332311
Breakouts,2026-08,NSP,-0.05017519917845081,-0.058065967662490725
Breakouts,2026-08,CBZ,0.003118730304114248,-0.004772038179925664
Top Picks,2026-09,SM,-0.15839188109748714,-0.18219830425277284
Breakouts,2026-08,SM,-0.059856838639325116,-0.07076977991977673
Breakouts,2026-08,RHI,-0.18482578385339787,-0.1957387251338495
Top Picks,2026-08,ASST,0.25227088288902677,0.24135794160857516
Breakouts,2026-08,ASST,0.25227088288902677,0.24135794160857516
Top Picks,2026-09,HTFL,-0.001982916389370537,-0.019889295846286847
Breakouts,2026-08,HTFL,-0.001190664007153619,-0.012103605287605235
Breakouts,2026-08,MAN,-0.10166801347597088,-0.11258095475642249
Breakouts,2026-09,SBLK,0.021900171397239543,0.0039937919403232325
Breakouts,2026-09,SNOW,0.06125712196133937,0.04335074250442306
Top Picks,2026-09,LPG,-0.025967361936499067,-0.04147235415215089
Breakouts,2026-09,LPG,0.11364527546074132,0.09573889600382501
Breakouts,2026-09,TDW,-0.1096660165288994,-0.1275723959858157
Breakouts,2026-09,NWL,-0.05723908237586606,-0.07514546183278237
Breakouts,2026-09,HALO,0.034626770193743495,0.016720390736827184
Breakouts,2026-09,PR,-0.07042968128345284,-0.08833606074036915
Breakouts,2026-09,PAYC,-0.04921198405236893,-0.06711836350928524
Breakouts,2026-09,TRLV,-0.020442911055977397,-0.03834929051289371
Breakouts,2026-09,TEAM,0.049506520095867534,0.0360965559589812
Breakouts,2026-09,AMC,0.09469696593405041,0.08128700179716408
Breakouts,2026-09,NEOG,0.152413139128319,0.13900317499143267
Breakouts,2026-09,PCVX,-0.04319590099083015,-0.05660586512771648
Breakouts,2026-09,PRCH,-0.06200678667767501,-0.07541675081456134
Breakouts,2026-09,ZBIO,-0.017506846132066323,-0.030916810268952655
Top Picks,2026-09,TNK,0.025438735746474928,0.008360146209419383
Breakouts,2026-09,TNK,0.08826448634964712,0.07485452221276079
Breakouts,2026-09,GTLB,0.009734324252043569,0.0068232523737734585
Breakouts,2026-09,CIB,-0.029406914860411915,-0.032317986738682025
Breakouts,2026-09,MGNI,0.027608620720497745,0.024697548842227635
Breakouts,2026-09,TX,-0.01999999736917435,-0.02679147744915189
Breakouts,2026-09,BBVA,-0.0203321035857702,-0.02712358366574774
Breakouts,2026-09,MATX,0.040471674413866676,0.033680194333889135
Breakouts,2026-09,GRAL,0.3649810784260299,0.3526295827919621
Breakouts,2026-09,CVI,0.15242850730280466,0.14007701166873687
Breakouts,2026-09,CMPS,-0.010547122386778351,-0.027625711923833896
Breakouts,2026-09,ARX,-0.003024166606901746,-0.026236171001384312
Breakouts,2026-09,VG,-0.13317238056264724,-0.14773593933072782
Breakouts,2026-09,HPQ,-0.0713077455450668,-0.08587130431314738
Breakouts,2026-09,FA,-0.03440148755221273,-0.048965046320293304
Breakouts,2026-09,VIST,-0.07957075696450555,-0.09868123354189617
Top Picks,2026-09,BWIN,-0.003437519073486328,-0.02254799565087695
Breakouts,2026-09,BWIN,-0.003437519073486328,-0.02254799565087695
Breakouts,2026-09,STGW,-0.05113634085359697,-0.0702468174309876
Breakouts,2026-09,S,0.052631516788379296,0.03352104021098867
Breakouts,2026-09,IOVA,0.10043189292812404,0.08132141635073342
Breakouts,2026-09,CDNA,0.032104909973433404,0.00829848681814771
Breakouts,2026-09,IQV,0.0007786978329884509,-0.023027725322297243
Breakouts,2026-09,NET,0.07468753360286184,0.05088111044757615
Breakouts,2026-09,CRGY,-0.13728039508052958,-0.16108681823581528
Breakouts,2026-09,QLYS,-0.02341261505211223,-0.04721903820739792
Breakouts,2026-09,ATKR,-0.0005289401622819989,-0.028870225483401346
Breakouts,2026-09,SFL,-0.0014804187583146167,-0.029821704079433964
Breakouts,2026-09,RBRK,0.07601443581981004,0.0476731504986907
Breakouts,2026-09,ZD,-0.021787213264627625,-0.05012849858574697
Breakouts,2026-09,ADPT,-0.024168078639151158,-0.04097998419785953
Breakouts,2026-09,TEVA,0.02219961156082051,0.005387706002112136
Breakouts,2026-09,HAE,0.010501904264285544,-0.006310001294422829
Breakouts,2026-09,RVTY,0.0009759455742543999,-0.014529046641397425
Breakouts,2026-09,NTSK,0.05202972323160471,0.03652473101595288
Long term,2026-09,ABNB,-0.019683918299895353,-0.03424747706797593
Long term,2026-09,ACAD,-0.05138341031606264,-0.06594696908414321
Long term,2026-09,AEM,-0.01437415089857863,-0.028937709666659206
Long term,2026-09,ANET,0.029209889964549873,0.014646331196469298
Long term,2026-09,APPF,0.006523410582418343,-0.008040148185662233
Long term,2026-09,ARGX,0.0038704146749746204,-0.010693144093105955
Long term,2026-09,ASML,0.007666429421539167,-0.0068971293465414085
Long term,2026-09,ASND,-0.09838156032639789,-0.11294511909447846
Long term,2026-09,AU,-0.023845986472254666,-0.03840954524033524
Long term,2026-09,AUPH,0.03167703209925521,0.017113473331174633
Long term,2026-09,AVPT,0.05529224468420724,0.04072868591612666
Long term,2026-09,AYA,0.0253843764480286,0.010820817679948025
Long term,2026-09,BVN,-0.013219763538084517,-0.027783322306165092
Long term,2026-09,BWLP,0.006366962200720527,-0.008196596567360048
Long term,2026-09,CART,-0.06505229219626285,-0.07961585096434343
Long term,2026-09,CLS,-0.0062039935715386685,-0.020767552339619244
Long term,2026-09,CNQ,-0.03574996857274548,-0.05031352734082606
Long term,2026-09,CRDO,0.0646995560992778,0.049194563883625975
Long term,2026-09,CRS,-0.09090910968879218,-0.10547266845687275
Long term,2026-09,CVE,-0.04196197221952436,-0.05652553098760493
Long term,2026-09,DLO,-0.03701206256848122,-0.051575621336561794
Long term,2026-09,DOCU,0.044478265058292,0.029914706290211424
Long term,2026-09,DUOL,0.03994992890984195,0.025386370141761372
Long term,2026-09,DXCM,0.07394916873320989,0.059385609965129316
Long term,2026-09,EOG,-0.04058086117515247,-0.05514441994323305
Long term,2026-09,ERO,-0.02170849820310239,-0.036272056971182964
Long term,2026-09,EXEL,0.01960089646746921,0.005037337699388633
Long term,2026-09,EXLS,0.0,-0.014563558768080576
Long term,2026-09,FIX,-0.034438900840122355,-0.04900245960820293
Long term,2026-09,FRSH,0.04709835574200549,0.03253479697392492
Long term,2026-09,FSM,-0.019182614397571296,-0.03374617316565187
Long term,2026-09,FTNT,0.12276534570487652,0.10820178693679594
Long term,2026-09,GFI,-0.06895780268016749,-0.08352136144824807
Long term,2026-09,GLBE,0.06750936796479223,0.05294580919671166
Long term,2026-09,GOOG,0.0459680499300128,0.031404491161932224
Long term,2026-09,GOOGL,0.04865583817046715,0.03409227940238657
Long term,2026-09,GRDN,0.011915684350055633,-0.0026478744180249425
Long term,2026-09,HAFN,0.03518122811086166,0.020617669342781086
Long term,2026-09,HMY,-0.07945733711944514,-0.09402089588752571
Long term,2026-09,HRMY,0.013969123554018914,-0.0005944352140616616
Long term,2026-09,IAG,-0.006416637050670415,-0.02098019581875099
Long term,2026-09,IESC,-0.06948017010608454,-0.08404372887416511
Long term,2026-09,INSP,0.03726029069456338,0.022696731926482805
Long term,2026-09,KSPI,-0.034437906321208134,-0.04900146508928871
Long term,2026-09,LQDA,-0.004644854188136538,-0.019208412956217114
Long term,2026-09,META,0.1447539775842137,0.13019041881613314
Long term,2026-09,MGY,-0.12576575751777164,-0.1403293162858522
Long term,2026-09,NBIX,-0.07847903220481589,-0.09304259097289647
Long term,2026-09,NVDA,0.04164190698730086,0.027078348219220283
Long term,2026-09,OSCR,-0.04516324447855469,-0.05972680324663526
Long term,2026-09,PATH,-0.011636352539062478,-0.026199911307143053
Long term,2026-09,PCTY,0.01948323052016243,0.004919671752081856
Long term,2026-09,PGNY,-0.01791589631750612,-0.032479455085586695
Long term,2026-09,PGR,-0.024721945339288953,-0.03928550410736953
Long term,2026-09,PLTR,0.09483944875649941,0.08027588998841884
Long term,2026-09,RELY,-0.018190069244822693,-0.03275362801290327
Long term,2026-09,RNR,0.005246770751516694,-0.009316788016563882
Long term,2026-09,RSI,-0.18388197329683076,-0.19844553206491133
Long term,2026-09,SEZL,-0.01951711652409238,-0.03408067529217296
Long term,2026-09,SFBS,-0.004984640252688188,-0.019548199020768764
Long term,2026-09,SHOP,0.030099326295227824,0.010988849717837201
Long term,2026-09,SKHY,-0.006366110734152719,-0.020929669502233295
Long term,2026-09,SN,0.04166664689729904,0.027103088129218467
Long term,2026-09,SPNT,0.04008261499065635,0.025519056222575776
Long term,2026-09,SPOT,-0.017080324239182154,-0.03164388300726273
Long term,2026-09,TOST,-0.0722291336230777,-0.08679269239115828
Long term,2026-09,TSM,0.030223912617399096,0.01566035384931852
Long term,2026-09,TXRH,-0.08652470935299261,-0.10108826812107319
